Time(s),CTSresistance,PatientWeight(kg),HeartRate(1/min),CardiacOutput(L/min),BloodVolume(L),CentralVenousPressure(mmHg),PulmonaryCapillariesWedgePressure(mmHg),MeanArterialPressure(mmHg),RespirationRate(1/min),OxygenSaturation,CoreTemperature(degC),TotalMetabolicRate(kcal/day),OxygenConsumptionRate(mL/min),CarbonDioxideProductionRate(mL/min),RespiratoryExchangeRatio,TotalBodyFluidVolume(L),ExtracellularFluidVolume(L),IntracellularFluidVolume(L),UrineProductionRate(mL/min),GlomerularFiltrationRate(mL/min),TotalWorkRateLevel,AchievedExerciseLevel,FatigueLevel,SleepTime(s),WakeTime(s),BiologicalDebt,AttentionLapses,StomachContents-Carbohydrate(g),StomachContents-Fat(g),StomachContents-Protein(g),StomachContents-Water(mL),LiverGlycogen(g),MuscleGlycogen(g),Aorta-Glucose-Concentration(mg/dL),VenaCava-Insulin-Concentration(ug/L),VenaCava-Glucagon-Concentration(ug/L)
600.00,0,77.6,72.34,5.88,5.56,4.03,6.42,95.4,18.40,0.980,35.5,2429.91,342.407,280.391,0.768,39.9,9.8,24.6,1.614,143,0,0,0,29400.0,644.5,0.063547,3,0,0,0,250,116.90,591.99,76.0,0.736,0.084289
1200.00,0,77.6,71.96,5.92,5.61,4.03,6.48,95.6,19.35,0.980,34.8,2819.31,375.458,292.929,0.731,39.9,9.8,24.5,0.873,106,0,0,0.07,30000.0,644.5,0.063557,3,0,0,0,0,116.72,591.78,70.4,0.734,0.107909
1800.00,0,77.6,71.81,6.01,5.68,4.07,6.56,95.7,19.74,0.981,34.1,3165.34,397.930,309.244,0.728,40.0,9.8,24.5,0.327,81,0,0,0.16,30600.0,644.5,0.063566,3,0,0,0,0,115.88,591.56,68.1,0.731,0.129343
2400.00,0,77.6,71.50,6.04,5.72,4.18,6.61,96.1,20.00,0.981,33.5,3220.03,401.629,311.994,0.728,40.0,9.8,24.5,2.005,161,0,0,0.18,31200.0,644.5,0.063575,3,0,0,0,0,114.74,591.35,67.0,0.730,0.136232
3000.00,0,77.6,70.98,6.17,5.75,4.24,6.74,96.0,20.00,0.983,33.0,3177.35,398.305,309.531,0.728,40.0,9.7,24.5,1.793,151,0,0,0.16,31800.0,644.5,0.063585,3,0,0,0,0,113.47,591.13,66.1,0.729,0.138564
3600.00,0,77.6,70.75,6.18,5.78,4.18,6.77,96.3,20.00,0.983,32.5,3106.41,393.835,306.190,0.729,40.0,9.7,24.5,1.171,124,0,0,0.14,32400.0,644.5,0.063594,3,0,0,0,0,112.16,590.91,65.3,0.728,0.139421
4200.00,0,77.6,70.67,6.19,5.79,4.20,6.79,96.4,19.87,0.984,32.0,3011.56,387.178,301.200,0.729,40.0,9.7,24.5,0.813,105,0,0,0.11,33000.0,644.5,0.063603,3,0,0,0,0,110.83,590.69,64.7,0.728,0.139786
4800.00,0,77.6,70.52,6.19,5.81,4.30,6.80,96.6,19.74,0.985,31.5,2897.11,378.754,294.878,0.730,40.0,9.7,24.5,1.757,150,0,0,0.09,33600.0,644.5,0.063612,3,0,0,0,0,109.48,590.47,64.2,0.727,0.139965
5400.00,0,77.6,70.47,6.20,5.81,4.23,6.81,96.7,19.61,0.986,31.1,2767.17,370.129,288.409,0.730,40.0,9.7,24.5,1.421,137,0,0,0.05,34200.0,644.5,0.063622,3,0,0,0,0,108.13,590.25,64.0,0.727,0.140073
6000.00,0,77.6,70.42,6.20,5.82,4.22,6.82,96.8,19.35,0.987,30.7,2625.58,360.108,280.889,0.731,40.0,9.7,24.5,0.778,104,0,0,0.01,34800.0,644.5,0.063631,3,0,0,0,0,106.78,590.03,63.9,0.727,0.140142
6600.00,0,77.6,70.50,6.21,5.82,4.32,6.82,96.9,18.99,0.987,30.3,2475.88,347.292,271.267,0.732,40.0,9.7,24.5,1.683,148,0,0,0,35400.0,644.5,0.063640,3,0,0,0,0,105.42,589.82,66.1,0.728,0.140192
7200.00,0,77.6,70.56,6.23,5.83,4.24,6.83,96.8,18.40,0.989,29.9,2321.20,325.795,255.126,0.734,40.0,9.7,24.5,1.613,147,0,0,0,36000.0,644.5,0.063650,3,0,0,0,0,104.09,589.60,72.0,0.733,0.140223
7800.00,0,77.6,70.51,6.22,5.83,4.22,6.83,96.8,18.07,0.990,29.5,2164.37,306.147,242.890,0.744,40.0,9.7,24.5,0.717,102,0,0,0,36600.0,644.5,0.063659,3,0,0,0,0,103.03,589.38,75.4,0.737,0.113911
8400.00,0,77.6,70.32,6.19,5.83,4.33,6.84,96.9,17.75,0.991,29.2,2007.81,285.783,227.473,0.746,40.0,9.7,24.5,1.601,145,0,0,0,37200.0,644.5,0.063668,3,0,0,0,0,102.63,589.16,73.9,0.738,0.095124
9000.00,0,77.6,70.34,6.19,5.83,4.25,6.84,96.8,17.14,0.992,28.8,1853.58,264.273,211.332,0.750,40.0,9.7,24.5,1.747,155,0,0,0,37800.0,644.5,0.063677,3,0,0,0,0,102.32,588.94,74.1,0.739,0.094977
9600.00,0,77.6,77.47,7.37,5.83,4.90,6.97,87.1,16.39,0.993,28.5,1737.01,243.468,202.665,0.780,40.0,9.6,24.5,1.480,148,0,0,0,38400.0,644.5,0.063687,3,0,0,0,0,101.98,588.57,75.4,0.735,0.101963
10200.00,0,77.6,77.60,7.42,5.83,4.90,6.99,86.7,16.39,0.993,28.3,1735.49,243.390,203.794,0.785,40.0,9.6,24.5,0.696,107,0,0,0,39000.0,644.5,0.063696,3,0,0,0,0,101.70,588.05,76.2,0.738,0.092684
10800.00,0,77.6,77.78,7.48,5.83,4.85,7.01,86.3,16.48,0.993,28.0,1733.91,246.770,197.733,0.751,39.9,9.6,24.5,0.126,78,0,0,0,39600.0,644.5,0.063705,3,0,0,0,0,101.79,587.52,74.8,0.738,0.096809
11400.00,0,77.6,77.89,7.52,5.83,4.88,7.03,86.0,16.39,0.993,27.8,1732.28,243.452,203.613,0.784,39.9,9.6,24.5,0.729,113,0,0,0,40200.0,644.5,0.063715,3,0,0,0,0,101.56,586.98,76.3,0.738,0.092735
12000.00,0,77.6,78.04,7.57,5.83,4.96,7.05,85.7,16.48,0.994,27.6,1730.60,246.896,197.534,0.750,39.9,9.6,24.5,1.577,157,0,0,0,40800.0,644.5,0.063724,3,0,0,0,0,101.67,586.44,75.0,0.738,0.098263
12600.00,0,77.6,78.12,7.60,5.84,5.00,7.06,85.5,16.48,0.994,27.4,1728.88,240.418,212.602,0.829,39.9,9.6,24.5,0.854,118,0,0,0,41400.0,644.5,0.063733,3,0,0,0,0,101.51,585.89,76.3,0.738,0.091596
13200.00,0,77.6,78.22,7.64,5.84,4.93,7.08,85.2,16.48,0.994,27.2,1727.13,246.230,197.867,0.753,39.9,9.6,24.5,0.227,84,0,0,0,42000.0,644.5,0.063743,3,0,0,0,0,101.56,585.34,75.3,0.738,0.099689
13800.00,0,77.6,78.27,7.68,5.84,4.92,7.09,85.0,16.48,0.994,27.1,1725.34,240.484,212.842,0.830,39.9,9.6,24.5,-0.000,70,0,0,0,42600.0,644.5,0.063752,3,0,0,0,0,101.54,584.78,75.6,0.738,0.090545
14400.00,0,77.6,78.39,7.71,5.85,4.99,7.10,84.7,16.48,0.994,26.9,1723.52,243.280,202.500,0.780,39.9,9.6,24.4,1.546,159,0,0,0,43200.0,644.5,0.063761,3,0,0,0,0,101.45,584.22,75.6,0.738,0.099257
15000.00,0,77.6,78.34,7.73,5.85,5.07,7.11,84.7,16.48,0.994,26.8,1721.67,240.678,212.633,0.828,39.8,9.6,24.4,1.068,131,0,0,0,43800.0,644.5,0.063770,3,0,0,0,0,101.57,583.66,74.5,0.738,0.089755
15600.00,0,77.6,78.53,7.77,5.85,5.00,7.12,84.4,16.48,0.994,26.6,1719.80,242.725,202.682,0.783,39.8,9.5,24.4,0.366,93,0,0,0,44400.0,644.5,0.063780,3,0,0,0,0,101.33,583.09,75.8,0.738,0.097897
16200.00,0,77.6,78.42,7.77,5.85,4.96,7.13,84.4,16.57,0.995,26.5,1717.90,245.335,198.542,0.759,39.8,9.5,24.4,0,67,0,0,0,45000.0,644.5,0.063789,3,0,0,0,0,101.45,582.51,73.9,0.738,0.091077
16800.00,0,77.6,78.65,7.82,5.86,5.02,7.14,84.1,16.48,0.995,26.4,1715.98,242.915,202.790,0.782,39.8,9.5,24.4,1.302,148,0,0,0,45600.0,644.5,0.063798,3,0,0,0,0,101.21,581.94,76.0,0.738,0.096160
17400.00,0,77.6,78.53,7.83,5.86,5.09,7.15,84.1,16.57,0.995,26.3,1714.04,246.053,198.040,0.754,39.8,9.5,24.4,1.322,147,0,0,0,46200.0,644.5,0.063808,3,0,0,0,0,101.32,581.36,74.3,0.738,0.093824
18000.00,0,77.6,78.66,7.86,5.86,5.07,7.15,83.8,16.48,0.995,26.2,1712.08,242.932,202.959,0.783,39.8,9.5,24.4,0.539,104,0,0,0,46800.0,644.5,0.063817,3,0,0,0,0,101.09,580.78,76.1,0.738,0.094516
18600.00,0,77.6,78.68,7.88,5.86,5.01,7.16,83.7,16.57,0.995,26.1,1710.11,246.525,197.548,0.751,39.8,9.5,24.4,0,74,0,0,0,47400.0,644.5,0.063826,3,0,0,0,0,101.20,580.19,74.7,0.738,0.096813
19200.00,0,77.6,78.70,7.89,5.87,5.03,7.17,83.6,16.48,0.995,26.0,1708.12,243.229,203.054,0.782,39.8,9.5,24.4,0.681,115,0,0,0,48000.0,644.5,0.063836,3,0,0,0,0,100.96,579.61,76.2,0.739,0.093082
19800.00,0,77.6,78.73,7.91,5.87,5.10,7.18,83.5,16.57,0.995,25.9,1706.11,246.896,197.396,0.749,39.8,9.5,24.4,1.484,159,0,0,0,48600.0,644.5,0.063845,3,0,0,0,0,101.07,579.02,75.1,0.738,0.099443
20400.00,0,77.6,78.76,7.92,5.87,5.13,7.18,83.4,16.48,0.995,25.9,1704.10,240.392,211.730,0.826,39.8,9.5,24.4,0.746,116,0,0,0,49200.0,644.5,0.063854,3,0,0,0,0,100.95,578.43,76.1,0.739,0.091816
21000.00,0,77.6,78.76,7.94,5.87,5.06,7.19,83.3,16.57,0.995,25.8,1702.07,245.471,197.780,0.755,39.8,9.5,24.4,0.129,82,0,0,0,49800.0,644.5,0.063864,3,0,0,0,0,100.94,577.84,75.4,0.738,0.100152
21600.00,0,77.6,78.73,7.94,5.87,5.04,7.19,83.3,16.57,0.995,25.7,1700.03,240.490,212.172,0.827,39.8,9.5,24.4,0,70,0,0,0,50400.0,644.5,0.063873,3,0,0,0,0,100.98,577.24,75.0,0.739,0.090524
22200.00,0,77.6,78.83,7.97,5.87,5.11,7.20,83.1,16.48,0.995,25.7,1697.98,242.838,202.209,0.780,39.8,9.5,24.4,1.485,161,0,0,0,51000.0,644.5,0.063882,3,0,0,0,0,100.81,576.64,75.7,0.739,0.098996
22800.00,0,77.6,78.71,7.96,5.87,5.18,7.20,83.2,16.57,0.995,25.6,1695.92,245.096,198.642,0.760,39.7,9.5,24.4,0.989,131,0,0,0,51600.0,644.5,0.063892,3,0,0,0,0,100.92,576.05,73.9,0.739,0.090701
23400.00,0,77.6,78.83,7.98,5.88,5.10,7.20,82.9,16.48,0.995,25.5,1693.86,242.576,202.452,0.782,39.7,9.5,24.4,0.289,92,0,0,0,52200.0,644.5,0.063901,3,0,0,0,0,100.68,575.45,75.9,0.739,0.097278
24000.00,0,77.6,78.71,7.97,5.88,5.05,7.21,83.0,16.57,0.995,25.5,1691.78,245.124,198.630,0.760,39.7,9.4,24.4,-0.000,65,0,0,0,52200.0,1244.5,0.184278,3,0,0,0,0,100.79,574.85,74.0,0.728,0.089239
24600.00,0,77.6,78.90,8.01,5.88,5.10,7.21,82.8,16.48,0.995,25.4,1689.70,242.764,202.317,0.781,39.7,9.4,24.4,1.262,150,0,0,0,52200.0,1844.5,0.184309,3,0,0,0,0,100.56,574.25,75.8,0.725,0.096472
25200.00,0,77.6,78.71,7.99,5.88,5.17,7.21,82.8,16.57,0.995,25.4,1687.62,245.334,199.030,0.760,39.7,9.4,24.4,1.258,147,0,0,0,52200.0,2444.5,0.184339,3,0,0,0,0,100.69,573.64,74.4,0.725,0.088387
25800.00,0,77.6,78.88,8.01,5.87,5.14,7.21,82.6,16.57,0.995,25.4,1685.53,242.682,202.237,0.781,39.7,9.4,24.4,0.472,102,0,0,0,52200.0,3044.5,0.184370,3,0,0,0,0,100.46,573.04,75.7,0.725,0.097166
26400.00,0,77.6,79.28,7.85,5.87,5.08,7.09,83.1,16.57,0.995,25.3,1683.43,240.639,211.848,0.825,39.7,9.4,24.4,0.000,67,0,0,0,52200.0,3644.5,0.184400,3,0,0,0,0,100.54,572.43,74.9,0.725,0.088573
27000.00,0,77.6,79.41,7.87,5.87,5.19,7.08,83.0,16.57,0.995,25.3,1681.33,242.957,202.126,0.780,39.7,9.4,24.4,1.223,145,0,0,0,52200.0,4244.5,0.184431,3,0,0,0,0,100.36,571.83,75.7,0.725,0.097582
27600.00,0,78.2,79.48,7.92,5.87,5.11,7.10,82.7,16.48,0.996,25.3,1679.23,241.186,212.748,0.827,39.7,9.4,24.4,0,72,0,0,0,52200.0,4844.5,0.184462,3,65.92,16.00,20.87,250,101.11,571.22,75.1,0.720,0.083800
28200.00,0,78.2,79.46,7.99,5.90,5.25,7.15,82.5,16.39,0.996,25.2,1677.12,241.185,213.044,0.828,39.7,9.4,24.4,1.293,157,0,0,0,52200.0,5444.5,0.184492,3,61.85,14.01,16.76,0,102.44,570.61,77.3,0.718,0.083366
28800.00,0,78.2,78.38,8.11,5.95,5.31,7.32,82.3,16.67,0.996,25.2,1675.01,243.944,203.152,0.781,39.8,9.4,24.4,1.003,137,0,0,0,52200.0,6044.5,0.184523,3,57.79,12.02,12.70,0,103.73,569.99,76.7,0.717,0.086744
29400.00,0,78.2,78.04,8.12,5.98,5.29,7.36,82.5,16.67,0.996,25.2,1672.89,244.341,203.088,0.779,39.8,9.4,24.4,0.313,96,0,0,0,52200.0,6644.5,0.184554,3,53.75,10.04,8.71,0,105.06,569.37,75.8,0.718,0.086825
30000.00,0,78.2,77.76,8.12,6.00,5.26,7.38,82.6,16.76,0.996,25.1,1670.78,245.825,198.946,0.759,39.8,9.4,24.4,0.000,69,0,0,0,52200.0,7244.5,0.184585,3,49.72,8.07,4.86,0,106.43,568.75,74.7,0.718,0.083897
30600.00,0,78.2,77.62,8.13,6.01,5.31,7.39,82.7,16.67,0.996,25.1,1668.66,241.474,213.000,0.827,39.8,9.4,24.4,1.089,144,0,0,0,52200.0,7844.5,0.184615,3,45.71,6.13,1.46,0,107.75,568.13,74.8,0.719,0.081526
31200.00,0,78.2,77.59,8.15,6.02,5.39,7.41,82.7,16.67,0.996,25.1,1666.54,241.299,213.398,0.829,39.8,9.4,24.5,1.344,156,0,0,0,52200.0,8444.5,0.184646,3,41.73,4.21,0.03,0,108.92,567.50,75.4,0.719,0.082352
31800.00,0,78.2,77.53,8.15,6.03,5.39,7.41,82.6,16.57,0.996,25.1,1664.42,241.242,212.377,0.825,39.9,9.4,24.5,0.550,109,0,0,0,52200.0,9044.5,0.184677,3,37.77,2.37,0.00,0,110.10,566.88,76.1,0.719,0.083566
32400.00,0,78.2,77.59,8.17,6.03,5.32,7.42,82.5,16.57,0.996,25.0,1662.29,241.071,211.965,0.824,39.9,9.4,24.5,0.000,77,0,0,0,52200.0,9644.5,0.184708,3,33.84,0.73,0.00,0,111.28,566.25,77.0,0.719,0.084951
33000.00,0,78.2,77.59,8.18,6.03,5.32,7.42,82.4,16.67,0.996,25.0,1660.17,240.995,211.709,0.823,39.9,9.4,24.5,0.369,102,0,0,0,52200.0,10244.5,0.184739,3,29.95,0.01,0.00,0,112.47,565.63,77.2,0.719,0.086366
33600.00,0,78.2,77.55,8.17,6.03,5.39,7.42,82.4,16.76,0.996,25.0,1658.04,244.295,202.989,0.779,39.9,9.4,24.5,1.462,164,0,0,0,52200.0,10844.5,0.184770,3,26.11,0.00,0.00,0,113.87,565.00,76.0,0.719,0.086900
34200.00,0,78.2,77.49,8.16,6.03,5.44,7.42,82.4,16.76,0.996,25.0,1655.92,245.807,198.975,0.759,39.9,9.4,24.5,0.796,123,0,0,0,52200.0,11444.5,0.184801,3,22.32,0.00,0.00,0,115.30,564.38,74.7,0.719,0.083736
34800.00,0,78.2,77.47,8.15,6.02,5.34,7.41,82.4,16.76,0.996,24.9,1653.79,241.508,212.996,0.827,39.9,9.4,24.5,0.155,87,0,0,0,52200.0,12044.5,0.184832,3,18.62,0.00,0.00,0,116.61,563.75,74.9,0.719,0.081544
35400.00,0,78.2,77.48,8.15,6.02,5.30,7.41,82.3,16.85,0.996,24.9,1651.66,242.110,216.145,0.837,39.9,9.4,24.5,-0.000,63,0,0,0,52200.0,12644.5,0.184863,3,15.01,0.00,0.00,0,117.00,563.12,78.2,0.720,0.076742
36000.00,0,78.2,77.48,8.15,6.02,5.36,7.41,82.3,16.95,0.996,24.9,1649.53,242.724,221.516,0.855,39.9,9.4,24.5,1.432,163,0,0,0,52200.0,13244.5,0.184894,3,11.55,0.00,0.00,0,117.00,562.49,80.4,0.721,0.071979
36600.00,0,78.2,77.45,8.14,6.01,5.43,7.40,82.2,17.05,0.996,24.9,1647.40,243.026,223.721,0.863,39.9,9.4,24.5,1.072,140,0,0,0,52200.0,13844.5,0.184925,3,8.30,0.00,0.00,0,117.00,561.87,82.2,0.721,0.070410
37200.00,0,78.2,77.49,8.14,6.01,5.36,7.40,82.2,16.95,0.996,24.9,1645.27,243.181,224.350,0.865,39.9,9.4,24.5,0.342,97,0,0,0,52200.0,14444.5,0.184956,3,5.37,0.00,0.00,0,117.00,561.24,83.9,0.722,0.069893
37800.00,0,78.2,77.51,8.14,6.00,5.29,7.39,82.1,17.05,0.996,24.9,1643.15,243.158,224.989,0.867,39.9,9.4,24.5,0.000,69,0,0,0,52200.0,15044.5,0.184987,3,2.95,0.00,0.00,0,117.00,560.61,85.6,0.722,0.069723
38400.00,0,78.2,77.53,8.14,6.00,5.32,7.39,82.1,17.05,0.996,24.9,1641.02,243.098,225.524,0.870,39.9,9.4,24.5,1.111,145,0,0,0,52200.0,15644.5,0.185018,3,1.27,0.00,0.00,0,117.00,559.98,87.2,0.723,0.069667
39000.00,0,78.2,77.56,8.13,5.99,5.39,7.38,82.0,17.05,0.996,24.8,1638.89,243.120,225.635,0.870,39.9,9.4,24.5,1.359,157,0,0,0,52200.0,16244.5,0.185049,3,0.42,0.00,0.00,0,117.00,559.35,88.9,0.723,0.069649
39600.00,0,78.2,77.56,8.13,5.99,5.37,7.38,81.9,17.05,0.996,24.8,1636.76,243.234,225.344,0.868,39.9,9.4,24.5,0.556,110,0,0,0,52200.0,16844.5,0.185080,3,0.12,0.00,0.00,0,117.00,558.72,90.5,0.723,0.069641
40200.00,0,78.2,77.62,8.13,5.98,5.29,7.37,81.9,17.05,0.996,24.8,1634.64,243.185,225.625,0.870,39.9,9.4,24.5,0.000,77,0,0,0,52200.0,17444.5,0.185111,3,0.03,0.00,0.00,0,117.00,558.09,92.0,0.724,0.069638
40800.00,0,78.2,77.60,8.12,5.98,5.29,7.37,81.8,17.05,0.996,24.8,1632.51,243.094,226.024,0.872,39.9,9.4,24.6,0.380,103,0,0,0,52200.0,18044.5,0.185143,3,0.01,0.00,0.00,0,117.00,557.46,93.6,0.724,0.069636
41400.00,0,78.2,77.66,8.12,5.98,5.35,7.36,81.8,17.05,0.996,24.8,1630.39,242.985,226.438,0.873,39.9,9.4,24.6,1.470,164,0,0,0,52200.0,18644.5,0.185174,3,0.00,0.00,0.00,0,117.00,556.83,95.1,0.724,0.069634
42000.00,0,78.2,77.64,8.12,5.97,5.39,7.36,81.7,17.05,0.996,24.8,1628.27,243.097,225.956,0.871,39.9,9.4,24.6,0.788,123,0,0,0,52200.0,19244.5,0.185205,3,0.00,0.00,0.00,0,117.00,556.20,96.6,0.724,0.069632
42600.00,0,78.2,77.69,8.12,5.97,5.29,7.35,81.7,17.05,0.996,24.8,1626.15,243.075,225.998,0.871,39.9,9.4,24.6,0.142,86,0,0,0,52200.0,19844.5,0.185237,3,0.00,0.00,0.00,0,117.00,555.58,98.1,0.724,0.069629
43200.00,0,78.2,77.67,8.11,5.96,5.25,7.35,81.6,17.05,0.996,24.8,1624.03,242.948,226.454,0.874,39.9,9.4,24.6,-0.000,63,0,0,0,52200.0,20444.5,0.185268,3,0.00,0.00,0.00,0,117.00,554.95,99.6,0.723,0.069627
43800.00,0,78.2,77.72,8.11,5.96,5.31,7.35,81.6,17.05,0.996,24.8,1621.91,242.796,227.010,0.876,39.9,9.4,24.6,1.422,162,0,0,0,52200.0,21044.5,0.185299,3,0.00,0.00,0.00,0,117.00,554.32,101.0,0.723,0.069625
44400.00,0,78.2,77.71,8.11,5.96,5.38,7.34,81.5,17.05,0.996,24.8,1619.79,242.828,226.835,0.876,39.9,9.4,24.6,1.049,138,0,0,0,52200.0,21644.5,0.185331,3,0.00,0.00,0.00,0,117.00,553.69,102.4,0.723,0.069622
45000.00,0,78.2,77.71,8.10,5.95,5.31,7.34,81.5,17.05,0.996,24.7,1617.67,242.882,226.579,0.874,39.9,9.4,24.6,0.319,96,0,0,0,52200.0,22244.5,0.185362,3,0.00,0.00,0.00,0,117.00,553.06,103.8,0.723,0.069619
45600.00,0,79.0,78.04,8.18,5.96,5.26,7.36,81.1,16.76,0.996,24.7,1615.56,242.871,226.559,0.874,39.9,9.4,24.6,-0.000,67,0,0,0,52200.0,22844.5,0.185394,3,90.87,25.99,30.83,350,117.00,552.42,107.5,0.717,0.069086
46200.00,0,79.0,77.86,8.22,5.99,5.35,7.40,81.0,16.76,0.996,24.7,1613.45,242.680,227.259,0.878,39.9,9.4,24.5,0.983,145,0,0,0,52200.0,23444.5,0.185425,3,86.75,23.97,26.67,100,117.00,551.78,110.6,0.715,0.068732
46800.00,0,79.0,77.08,8.21,6.05,5.50,7.46,81.6,17.05,0.996,24.7,1611.34,242.571,227.496,0.879,40.0,9.4,24.5,1.229,156,0,0,0,52200.0,24044.5,0.185457,3,82.63,21.96,22.53,0,117.00,551.14,112.1,0.713,0.068454
47400.00,0,79.0,76.27,8.39,6.10,5.46,7.64,81.3,17.05,0.996,24.7,1609.23,242.553,227.536,0.879,40.0,9.4,24.6,0.804,133,0,0,0,52200.0,24644.5,0.185489,3,78.52,19.96,18.42,0,117.00,550.49,113.0,0.714,0.068462
48000.00,0,79.0,76.00,8.40,6.13,5.50,7.68,81.3,17.05,0.996,24.7,1607.12,242.557,227.376,0.879,40.1,9.4,24.6,0.807,132,0,0,0,52200.0,25244.5,0.185520,3,74.42,17.95,14.33,0,117.00,549.85,114.1,0.715,0.068561
48600.00,0,79.0,75.80,8.40,6.14,5.52,7.70,81.4,17.05,0.996,24.7,1605.01,242.561,227.243,0.878,40.1,9.3,24.6,0.809,132,0,0,0,52200.0,25844.5,0.185552,3,70.33,15.95,10.31,0,117.00,549.20,115.4,0.715,0.068663
49200.00,0,79.0,75.74,8.41,6.15,5.54,7.71,81.4,17.05,0.996,24.7,1602.91,242.555,227.189,0.878,40.1,9.3,24.6,0.809,132,0,0,0,52200.0,26444.5,0.185584,3,66.25,13.96,6.39,0,117.00,548.55,116.6,0.716,0.068743
49800.00,0,79.0,75.66,8.41,6.16,5.54,7.72,81.4,17.05,0.996,24.7,1600.80,242.539,227.220,0.878,40.2,9.3,24.7,0.808,132,0,0,0,52200.0,27044.5,0.185616,3,62.18,11.97,2.73,0,117.00,547.90,117.9,0.717,0.068801
50400.00,0,79.0,75.65,8.41,6.16,5.55,7.72,81.4,17.05,0.996,24.7,1598.70,242.513,227.324,0.879,40.2,9.3,24.7,0.808,132,0,0,0,52200.0,27644.5,0.185647,3,58.12,9.99,0.23,0,117.00,547.25,119.2,0.717,0.068840
51000.00,0,79.0,75.64,8.40,6.16,5.54,7.72,81.4,17.05,0.996,24.7,1596.60,242.479,227.496,0.879,40.2,9.3,24.7,0.807,131,0,0,0,52200.0,28244.5,0.185679,3,54.07,8.03,0.00,0,117.00,546.60,120.5,0.717,0.068864
51600.00,0,79.0,75.64,8.40,6.15,5.54,7.71,81.4,17.05,0.996,24.7,1594.50,242.439,227.724,0.880,40.2,9.3,24.7,0.808,131,0,0,0,52200.0,28844.5,0.185711,3,50.05,6.08,0.00,0,117.00,545.94,121.7,0.718,0.068877
52200.00,0,79.0,75.69,8.40,6.15,5.53,7.71,81.3,17.05,0.996,24.7,1592.40,242.393,228.008,0.882,40.2,9.3,24.7,0.808,131,0,0,0,52200.0,29444.5,0.185743,3,46.04,4.17,0.00,0,117.00,545.29,122.9,0.718,0.068883
52800.00,0,79.0,75.69,8.39,6.14,5.53,7.70,81.3,17.05,0.996,24.6,1590.30,242.342,228.342,0.883,40.2,9.3,24.7,0.810,131,0,0,0,52200.0,30044.5,0.185775,3,42.05,2.33,0.00,0,117.00,544.64,124.1,0.719,0.068882
53400.00,0,79.0,75.76,8.39,6.13,5.52,7.69,81.2,17.05,0.996,24.6,1588.20,242.287,228.730,0.885,40.2,9.4,24.7,0.812,131,0,0,0,52200.0,30644.5,0.185807,3,38.09,0.70,0.00,0,117.00,543.99,125.3,0.719,0.068876
54000.00,0,79.0,75.80,8.38,6.13,5.51,7.68,81.2,17.05,0.996,24.6,1586.11,242.230,229.166,0.887,40.2,9.4,24.7,0.814,131,0,0,0,52200.0,31244.5,0.185839,3,34.16,0.01,0.00,0,117.00,543.34,126.4,0.720,0.068867
54600.00,0,79.0,75.82,8.38,6.12,5.50,7.67,81.1,17.05,0.996,24.6,1584.02,242.168,229.655,0.889,40.2,9.4,24.7,0.816,131,0,0,0,52200.0,31844.5,0.185872,3,30.26,0.00,0.00,0,117.00,542.69,127.5,0.721,0.068854
55200.00,0,79.0,75.85,8.37,6.11,5.49,7.66,81.1,17.14,0.996,24.6,1581.93,242.102,230.196,0.891,40.2,9.4,24.7,0.819,131,0,0,0,52200.0,32444.5,0.185904,3,26.42,0.00,0.00,0,117.00,542.04,128.5,0.721,0.068839
55800.00,0,79.0,75.90,8.36,6.10,5.48,7.65,81.0,17.14,0.997,24.6,1579.84,242.036,230.783,0.894,40.2,9.4,24.7,0.822,132,0,0,0,52200.0,33044.5,0.185936,3,22.63,0.00,0.00,0,117.00,541.39,129.4,0.722,0.068823
56400.00,0,79.0,75.97,8.36,6.10,5.47,7.65,81.0,17.14,0.997,24.6,1577.75,241.969,231.416,0.896,40.2,9.4,24.8,0.826,132,0,0,0,52200.0,33644.5,0.185968,3,18.91,0.00,0.00,0,117.00,540.74,130.3,0.723,0.068805
57000.00,0,79.0,75.99,8.36,6.09,5.47,7.64,80.9,17.14,0.997,24.6,1575.67,241.899,232.087,0.899,40.2,9.4,24.8,0.829,132,0,0,0,52200.0,34244.5,0.186001,3,15.30,0.00,0.00,0,117.00,540.09,131.2,0.724,0.068786
57600.00,0,79.0,76.02,8.35,6.08,5.46,7.63,80.9,17.14,0.997,24.6,1573.58,241.831,232.781,0.902,40.2,9.4,24.8,0.833,132,0,0,0,52200.0,34844.5,0.186033,3,11.82,0.00,0.00,0,117.00,539.44,131.9,0.725,0.068768
58200.00,0,79.0,76.07,8.35,6.08,5.45,7.62,80.8,17.14,0.997,24.6,1571.50,241.764,233.492,0.905,40.2,9.4,24.8,0.836,132,0,0,0,52200.0,35444.5,0.186066,3,8.55,0.00,0.00,0,117.00,538.79,132.6,0.727,0.068749
58800.00,0,79.0,76.06,8.34,6.07,5.44,7.61,80.8,17.14,0.997,24.6,1569.42,241.701,234.199,0.908,40.2,9.4,24.8,0.840,132,0,0,0,52200.0,36044.5,0.186098,3,5.59,0.00,0.00,0,117.00,538.14,133.2,0.728,0.068730
59400.00,0,79.0,76.13,8.33,6.06,5.44,7.60,80.8,17.14,0.997,24.6,1567.35,241.643,234.892,0.911,40.2,9.4,24.8,0.843,133,0,0,0,52200.0,36644.5,0.186131,3,3.12,0.00,0.00,0,117.00,537.50,133.8,0.729,0.068712
60000.00,0,79.0,76.17,8.33,6.06,5.43,7.60,80.7,17.14,0.997,24.6,1565.27,241.588,235.557,0.914,40.2,9.4,24.8,0.847,133,0,0,0,52200.0,37244.5,0.186163,3,1.38,0.00,0.00,0,117.00,536.85,134.2,0.730,0.068696
60600.00,0,79.0,76.16,8.32,6.05,5.42,7.59,80.7,17.14,0.997,24.6,1563.20,241.532,236.198,0.917,40.2,9.4,24.8,0.851,133,0,0,0,52200.0,37844.5,0.186196,3,0.46,0.00,0.00,0,117.00,536.20,134.6,0.731,0.068679
61200.00,0,79.0,76.19,8.32,6.05,5.42,7.58,80.6,17.24,0.997,24.6,1561.13,241.432,236.909,0.920,40.2,9.4,24.8,0.854,133,0,0,0,52200.0,38444.5,0.186229,3,0.13,0.00,0.00,0,117.00,535.55,135.0,0.732,0.068665
61800.00,0,79.0,76.24,8.32,6.04,5.41,7.58,80.6,17.24,0.997,24.6,1559.06,241.227,237.802,0.924,40.2,9.4,24.8,0.856,133,0,0,0,52200.0,39044.5,0.186262,3,0.03,0.00,0.00,0,117.00,534.91,135.2,0.733,0.068653
62400.00,0,79.0,76.22,8.31,6.04,5.41,7.57,80.5,17.24,0.997,24.6,1557.00,241.067,238.478,0.927,40.2,9.4,24.8,0.860,133,0,0,0,52200.0,39644.5,0.186294,3,0.01,0.00,0.00,0,117.00,534.26,135.4,0.733,0.068644
63000.00,0,79.0,76.28,8.31,6.03,5.40,7.56,80.5,17.24,0.997,24.6,1554.93,240.958,238.943,0.929,40.2,9.4,24.8,0.863,134,0,0,0,52200.0,40244.5,0.186327,3,0.00,0.00,0.00,0,117.00,533.61,135.5,0.734,0.068637
63600.00,0,79.0,76.26,8.30,6.03,5.39,7.56,80.4,17.24,0.997,24.6,1552.87,240.888,239.251,0.931,40.2,9.4,24.8,0.865,134,0,0,0,52200.0,40844.5,0.186360,3,0.00,0.00,0.00,0,117.00,532.97,135.5,0.734,0.068632
64200.00,0,79.0,76.30,8.30,6.02,5.39,7.55,80.4,17.24,0.997,24.6,1550.81,240.844,239.452,0.932,40.2,9.4,24.8,0.869,134,0,0,0,52200.0,41444.5,0.186393,3,0.00,0.00,0.00,0,117.00,532.32,135.6,0.734,0.068628
64800.00,0,79.0,76.32,8.29,6.02,5.38,7.55,80.4,17.24,0.997,24.6,1548.75,240.815,239.585,0.933,40.2,9.4,24.8,0.870,134,0,0,0,52200.0,42044.5,0.186427,3,0.00,0.00,0.00,0,117.00,531.67,135.6,0.734,0.068626
65400.00,0,79.0,177.20,10.21,5.97,4.96,5.02,109.6,34.88,0.983,25.5,11028.89,813.359,621.014,0.716,40.2,9.4,24.8,1.485,138,0.45,1.00,0.13,52200.0,42644.5,0.186460,3,0.00,0.00,0.00,0,116.47,392.19,31.2,0.566,0.111359
